<Mod>
	<Name>Mod4LJT</Name>
	<Author>Rok</Author> <!-- FIX: Insert your name here. -->
	<!-- Major.Minor.Build -->
	<Version>0.4.0</Version>
	
	<Description>
This mod is for a multiplay regulation "Laxuary Junk Tank".
	</Description>
	
	<Icon name="thumbnail" />
	
	<Debug>false</Debug>

	<LoadInTitleScreen />

	<!--<LoadInTitleScreen>false</LoadInTitleScreen>-->
	
	<MultiplayerCompatible>true</MultiplayerCompatible>
	
	<Assemblies>
		<!-- <Assembly path="SomeAssembly.dll" /> -->
		<!-- <ScriptAssembly path="SomeAssembly/" /> -->
		<Assembly path="Mod4LJT.dll" />
	</Assemblies>
	
	<!-- Any blocks your mod adds to the game.
		 The path attribute is relative to the location of this file. -->
	<Blocks>
		<!-- <Block path="SomeBlock.xml" /> -->
	</Blocks>
	
	<!-- Any entities (level objects) your mod adds to the game.
		 The path attribute is relative to the location of this file. -->
	<Entities>
		<!-- <Entity path="SomeEntity.xml" /> -->
	</Entities>
	
	<!-- Any logic trigger types your mod adds to the game. -->
	<!-- See the ModTriggers class for info on how to activate your triggers. -->
	<Triggers>
		
	</Triggers>
	
	<!-- Any logic event types your mod adds to the game. -->
	<!-- See the ModEvents class for info on how to handle your events being activated. -->
	<Events>
		
	</Events>
	
	<!-- Access these keys using the ModKeys class. -->
	<Keys>
		
	</Keys>
	
	<!-- The mod loader will automatically make all resources listed here available
		 to your mod via the ModResource class.
		 The path attribute is relative to the Resources/ directory.
		 You also need to list resources used in your Blocks and Entities.
		 Available resource types are Mesh, Texture, AudioClip, and AssetBundle. -->
	<Resources>
		<!-- <Mesh name="some-mesh-name" path="some_mesh_file.obj" /> -->
		<!-- <Texture name="some-texture-name" path="some_texture_file.png" /> -->
		<Texture name="thumbnail" path="thumbnail.png" />
		<Texture name="LightTankIcon" path="LightTankIcon.png" />
		<Texture name="MediumTankIcon" path="MediumTankIcon.png" />
		<Texture name="HeavyTankIcon" path="HeavyTankIcon.png" />
		<Texture name="DestroyerIcon" path="DestroyerIcon.png" />
		<Texture name="ArtilleryIcon" path="ArtilleryIcon.png" />
		<Texture name="JunkTankIcon" path="JunkTankIcon.png" />
	</Resources>


<!-- This value is automatically generated. Do not change it or you may break machine&level save files. -->
<ID>4713d96a-ce6c-4556-8bf4-7dc838b52973</ID>

</Mod>
